DATAFLOW,LAST UPDATE,freq,unit,indic_nrg,geo,TIME_PERIOD,OBS_VALUE,OBS_FLAG
ESTAT:NRG_CHDD_M(1.0),11/05/22 23:00:00,M,NR,HDD,EU27_2020,1979-01,644.89,
ESTAT:NRG_CHDD_M(1.0),11/05/22 23:00:00,M,NR,HDD,EU27_2020,1979-02,519.40,
ESTAT:NRG_CHDD_M(1.0),11/05/22 23:00:00,M,NR,HDD,EU27_2020,1979-03,425.05,
ESTAT:NRG_CHDD_M(1.0),11/05/22 23:00:00,M,NR,HDD,EU27_2020,1979-04,335.61,
ESTAT:NRG_CHDD_M(1.0),11/05/22 23:00:00,M,NR,HDD,EU27_2020,1979-05,164.91,
ESTAT:NRG_CHDD_M(1.0),11/05/22 23:00:00,M,NR,HDD,EU27_2020,1979-06,46.34,
ESTAT:NRG_CHDD_M(1.0),11/05/22 23:00:00,M,NR,HDD,EU27_2020,1979-07,47.37,
ESTAT:NRG_CHDD_M(1.0),11/05/22 23:00:00,M,NR,HDD,EU27_2020,1979-08,50.23,
ESTAT:NRG_CHDD_M(1.0),11/05/22 23:00:00,M,NR,HDD,EU27_2020,1979-09,115.74,
ESTAT:NRG_CHDD_M(1.0),11/05/22 23:00:00,M,NR,HDD,EU27_2020,1979-10,275.56,
ESTAT:NRG_CHDD_M(1.0),11/05/22 23:00:00,M,NR,HDD,EU27_2020,1979-11,401.57,
ESTAT:NRG_CHDD_M(1.0),11/05/22 23:00:00,M,NR,HDD,EU27_2020,1979-12,482.90,
ESTAT:NRG_CHDD_M(1.0),11/05/22 23:00:00,M,NR,HDD,EU27_2020,1980-01,631.65,
ESTAT:NRG_CHDD_M(1.0),11/05/22 23:00:00,M,NR,HDD,EU27_2020,1980-02,505.73,
ESTAT:NRG_CHDD_M(1.0),11/05/22 23:00:00,M,NR,HDD,EU27_2020,1980-03,478.36,
ESTAT:NRG_CHDD_M(1.0),11/05/22 23:00:00,M,NR,HDD,EU27_2020,1980-04,323.77,
ESTAT:NRG_CHDD_M(1.0),11/05/22 23:00:00,M,NR,HDD,EU27_2020,1980-05,216.19,
ESTAT:NRG_CHDD_M(1.0),11/05/22 23:00:00,M,NR,HDD,EU27_2020,1980-06,61.67,
ESTAT:NRG_CHDD_M(1.0),11/05/22 23:00:00,M,NR,HDD,EU27_2020,1980-07,44.70,
ESTAT:NRG_CHDD_M(1.0),11/05/22 23:00:00,M,NR,HDD,EU27_2020,1980-08,48.02,
ESTAT:NRG_CHDD_M(1.0),11/05/22 23:00:00,M,NR,HDD,EU27_2020,1980-09,100.72,
ESTAT:NRG_CHDD_M(1.0),11/05/22 23:00:00,M,NR,HDD,EU27_2020,1980-10,266.46,
ESTAT:NRG_CHDD_M(1.0),11/05/22 23:00:00,M,NR,HDD,EU27_2020,1980-11,446.87,
ESTAT:NRG_CHDD_M(1.0),11/05/22 23:00:00,M,NR,HDD,EU27_2020,1980-12,553.42,
ESTAT:NRG_CHDD_M(1.0),11/05/22 23:00:00,M,NR,HDD,EU27_2020,1981-01,590.12,
ESTAT:NRG_CHDD_M(1.0),11/05/22 23:00:00,M,NR,HDD,EU27_2020,1981-02,509.27,
ESTAT:NRG_CHDD_M(1.0),11/05/22 23:00:00,M,NR,HDD,EU27_2020,1981-03,408.65,
ESTAT:NRG_CHDD_M(1.0),11/05/22 23:00:00,M,NR,HDD,EU27_2020,1981-04,309.18,
ESTAT:NRG_CHDD_M(1.0),11/05/22 23:00:00,M,NR,HDD,EU27_2020,1981-05,157.03,
ESTAT:NRG_CHDD_M(1.0),11/05/22 23:00:00,M,NR,HDD,EU27_2020,1981-06,77.76,
ESTAT:NRG_CHDD_M(1.0),11/05/22 23:00:00,M,NR,HDD,EU27_2020,1981-07,34.14,
ESTAT:NRG_CHDD_M(1.0),11/05/22 23:00:00,M,NR,HDD,EU27_2020,1981-08,55.12,
ESTAT:NRG_CHDD_M(1.0),11/05/22 23:00:00,M,NR,HDD,EU27_2020,1981-09,103.60,
ESTAT:NRG_CHDD_M(1.0),11/05/22 23:00:00,M,NR,HDD,EU27_2020,1981-10,241.65,
ESTAT:NRG_CHDD_M(1.0),11/05/22 23:00:00,M,NR,HDD,EU27_2020,1981-11,402.47,
ESTAT:NRG_CHDD_M(1.0),11/05/22 23:00:00,M,NR,HDD,EU27_2020,1981-12,577.38,
ESTAT:NRG_CHDD_M(1.0),11/05/22 23:00:00,M,NR,HDD,EU27_2020,1982-01,601.74,
ESTAT:NRG_CHDD_M(1.0),11/05/22 23:00:00,M,NR,HDD,EU27_2020,1982-02,490.36,
ESTAT:NRG_CHDD_M(1.0),11/05/22 23:00:00,M,NR,HDD,EU27_2020,1982-03,421.44,
ESTAT:NRG_CHDD_M(1.0),11/05/22 23:00:00,M,NR,HDD,EU27_2020,1982-04,318.30,
ESTAT:NRG_CHDD_M(1.0),11/05/22 23:00:00,M,NR,HDD,EU27_2020,1982-05,159.43,
ESTAT:NRG_CHDD_M(1.0),11/05/22 23:00:00,M,NR,HDD,EU27_2020,1982-06,80.53,
ESTAT:NRG_CHDD_M(1.0),11/05/22 23:00:00,M,NR,HDD,EU27_2020,1982-07,24.55,
ESTAT:NRG_CHDD_M(1.0),11/05/22 23:00:00,M,NR,HDD,EU27_2020,1982-08,38.87,
ESTAT:NRG_CHDD_M(1.0),11/05/22 23:00:00,M,NR,HDD,EU27_2020,1982-09,85.16,
ESTAT:NRG_CHDD_M(1.0),11/05/22 23:00:00,M,NR,HDD,EU27_2020,1982-10,245.34,
ESTAT:NRG_CHDD_M(1.0),11/05/22 23:00:00,M,NR,HDD,EU27_2020,1982-11,366.08,
ESTAT:NRG_CHDD_M(1.0),11/05/22 23:00:00,M,NR,HDD,EU27_2020,1982-12,482.18,
ESTAT:NRG_CHDD_M(1.0),11/05/22 23:00:00,M,NR,HDD,EU27_2020,1983-01,484.32,
ESTAT:NRG_CHDD_M(1.0),11/05/22 23:00:00,M,NR,HDD,EU27_2020,1983-02,526.96,
ESTAT:NRG_CHDD_M(1.0),11/05/22 23:00:00,M,NR,HDD,EU27_2020,1983-03,411.97,
ESTAT:NRG_CHDD_M(1.0),11/05/22 23:00:00,M,NR,HDD,EU27_2020,1983-04,271.72,
ESTAT:NRG_CHDD_M(1.0),11/05/22 23:00:00,M,NR,HDD,EU27_2020,1983-05,160.97,
ESTAT:NRG_CHDD_M(1.0),11/05/22 23:00:00,M,NR,HDD,EU27_2020,1983-06,65.10,
ESTAT:NRG_CHDD_M(1.0),11/05/22 23:00:00,M,NR,HDD,EU27_2020,1983-07,21.83,
ESTAT:NRG_CHDD_M(1.0),11/05/22 23:00:00,M,NR,HDD,EU27_2020,1983-08,40.56,
ESTAT:NRG_CHDD_M(1.0),11/05/22 23:00:00,M,NR,HDD,EU27_2020,1983-09,96.25,
ESTAT:NRG_CHDD_M(1.0),11/05/22 23:00:00,M,NR,HDD,EU27_2020,1983-10,245.90,
ESTAT:NRG_CHDD_M(1.0),11/05/22 23:00:00,M,NR,HDD,EU27_2020,1983-11,418.18,
ESTAT:NRG_CHDD_M(1.0),11/05/22 23:00:00,M,NR,HDD,EU27_2020,1983-12,530.29,
ESTAT:NRG_CHDD_M(1.0),11/05/22 23:00:00,M,NR,HDD,EU27_2020,1984-01,548.91,
ESTAT:NRG_CHDD_M(1.0),11/05/22 23:00:00,M,NR,HDD,EU27_2020,1984-02,505.86,
ESTAT:NRG_CHDD_M(1.0),11/05/22 23:00:00,M,NR,HDD,EU27_2020,1984-03,487.35,
ESTAT:NRG_CHDD_M(1.0),11/05/22 23:00:00,M,NR,HDD,EU27_2020,1984-04,290.62,
ESTAT:NRG_CHDD_M(1.0),11/05/22 23:00:00,M,NR,HDD,EU27_2020,1984-05,178.26,
ESTAT:NRG_CHDD_M(1.0),11/05/22 23:00:00,M,NR,HDD,EU27_2020,1984-06,85.43,
ESTAT:NRG_CHDD_M(1.0),11/05/22 23:00:00,M,NR,HDD,EU27_2020,1984-07,48.39,
ESTAT:NRG_CHDD_M(1.0),11/05/22 23:00:00,M,NR,HDD,EU27_2020,1984-08,42.74,
ESTAT:NRG_CHDD_M(1.0),11/05/22 23:00:00,M,NR,HDD,EU27_2020,1984-09,132.30,
ESTAT:NRG_CHDD_M(1.0),11/05/22 23:00:00,M,NR,HDD,EU27_2020,1984-10,219.68,
ESTAT:NRG_CHDD_M(1.0),11/05/22 23:00:00,M,NR,HDD,EU27_2020,1984-11,380.20,
ESTAT:NRG_CHDD_M(1.0),11/05/22 23:00:00,M,NR,HDD,EU27_2020,1984-12,510.29,
ESTAT:NRG_CHDD_M(1.0),11/05/22 23:00:00,M,NR,HDD,EU27_2020,1985-01,720.41,
ESTAT:NRG_CHDD_M(1.0),11/05/22 23:00:00,M,NR,HDD,EU27_2020,1985-02,595.72,
ESTAT:NRG_CHDD_M(1.0),11/05/22 23:00:00,M,NR,HDD,EU27_2020,1985-03,464.20,
ESTAT:NRG_CHDD_M(1.0),11/05/22 23:00:00,M,NR,HDD,EU27_2020,1985-04,303.95,
ESTAT:NRG_CHDD_M(1.0),11/05/22 23:00:00,M,NR,HDD,EU27_2020,1985-05,165.70,
ESTAT:NRG_CHDD_M(1.0),11/05/22 23:00:00,M,NR,HDD,EU27_2020,1985-06,86.10,
ESTAT:NRG_CHDD_M(1.0),11/05/22 23:00:00,M,NR,HDD,EU27_2020,1985-07,29.44,
ESTAT:NRG_CHDD_M(1.0),11/05/22 23:00:00,M,NR,HDD,EU27_2020,1985-08,39.63,
ESTAT:NRG_CHDD_M(1.0),11/05/22 23:00:00,M,NR,HDD,EU27_2020,1985-09,113.14,
ESTAT:NRG_CHDD_M(1.0),11/05/22 23:00:00,M,NR,HDD,EU27_2020,1985-10,235.03,
ESTAT:NRG_CHDD_M(1.0),11/05/22 23:00:00,M,NR,HDD,EU27_2020,1985-11,453.89,
ESTAT:NRG_CHDD_M(1.0),11/05/22 23:00:00,M,NR,HDD,EU27_2020,1985-12,518.46,
ESTAT:NRG_CHDD_M(1.0),11/05/22 23:00:00,M,NR,HDD,EU27_2020,1986-01,581.48,
ESTAT:NRG_CHDD_M(1.0),11/05/22 23:00:00,M,NR,HDD,EU27_2020,1986-02,596.91,
ESTAT:NRG_CHDD_M(1.0),11/05/22 23:00:00,M,NR,HDD,EU27_2020,1986-03,433.80,
ESTAT:NRG_CHDD_M(1.0),11/05/22 23:00:00,M,NR,HDD,EU27_2020,1986-04,323.63,
ESTAT:NRG_CHDD_M(1.0),11/05/22 23:00:00,M,NR,HDD,EU27_2020,1986-05,126.47,
ESTAT:NRG_CHDD_M(1.0),11/05/22 23:00:00,M,NR,HDD,EU27_2020,1986-06,59.82,
ESTAT:NRG_CHDD_M(1.0),11/05/22 23:00:00,M,NR,HDD,EU27_2020,1986-07,34.95,
ESTAT:NRG_CHDD_M(1.0),11/05/22 23:00:00,M,NR,HDD,EU27_2020,1986-08,66.33,
ESTAT:NRG_CHDD_M(1.0),11/05/22 23:00:00,M,NR,HDD,EU27_2020,1986-09,152.23,
ESTAT:NRG_CHDD_M(1.0),11/05/22 23:00:00,M,NR,HDD,EU27_2020,1986-10,230.53,
ESTAT:NRG_CHDD_M(1.0),11/05/22 23:00:00,M,NR,HDD,EU27_2020,1986-11,365.02,
ESTAT:NRG_CHDD_M(1.0),11/05/22 23:00:00,M,NR,HDD,EU27_2020,1986-12,553.86,
ESTAT:NRG_CHDD_M(1.0),11/05/22 23:00:00,M,NR,HDD,EU27_2020,1987-01,718.82,
ESTAT:NRG_CHDD_M(1.0),11/05/22 23:00:00,M,NR,HDD,EU27_2020,1987-02,500.65,
ESTAT:NRG_CHDD_M(1.0),11/05/22 23:00:00,M,NR,HDD,EU27_2020,1987-03,531.05,
ESTAT:NRG_CHDD_M(1.0),11/05/22 23:00:00,M,NR,HDD,EU27_2020,1987-04,285.29,
ESTAT:NRG_CHDD_M(1.0),11/05/22 23:00:00,M,NR,HDD,EU27_2020,1987-05,202.89,
ESTAT:NRG_CHDD_M(1.0),11/05/22 23:00:00,M,NR,HDD,EU27_2020,1987-06,88.93,
ESTAT:NRG_CHDD_M(1.0),11/05/22 23:00:00,M,NR,HDD,EU27_2020,1987-07,40.73,
ESTAT:NRG_CHDD_M(1.0),11/05/22 23:00:00,M,NR,HDD,EU27_2020,1987-08,69.86,
ESTAT:NRG_CHDD_M(1.0),11/05/22 23:00:00,M,NR,HDD,EU27_2020,1987-09,105.35,
ESTAT:NRG_CHDD_M(1.0),11/05/22 23:00:00,M,NR,HDD,EU27_2020,1987-10,227.08,
ESTAT:NRG_CHDD_M(1.0),11/05/22 23:00:00,M,NR,HDD,EU27_2020,1987-11,389.63,
ESTAT:NRG_CHDD_M(1.0),11/05/22 23:00:00,M,NR,HDD,EU27_2020,1987-12,504.45,
ESTAT:NRG_CHDD_M(1.0),11/05/22 23:00:00,M,NR,HDD,EU27_2020,1988-01,480.12,
ESTAT:NRG_CHDD_M(1.0),11/05/22 23:00:00,M,NR,HDD,EU27_2020,1988-02,474.28,
ESTAT:NRG_CHDD_M(1.0),11/05/22 23:00:00,M,NR,HDD,EU27_2020,1988-03,451.22,
ESTAT:NRG_CHDD_M(1.0),11/05/22 23:00:00,M,NR,HDD,EU27_2020,1988-04,307.85,
ESTAT:NRG_CHDD_M(1.0),11/05/22 23:00:00,M,NR,HDD,EU27_2020,1988-05,135.23,
ESTAT:NRG_CHDD_M(1.0),11/05/22 23:00:00,M,NR,HDD,EU27_2020,1988-06,56.44,
ESTAT:NRG_CHDD_M(1.0),11/05/22 23:00:00,M,NR,HDD,EU27_2020,1988-07,18.17,
ESTAT:NRG_CHDD_M(1.0),11/05/22 23:00:00,M,NR,HDD,EU27_2020,1988-08,43.22,
ESTAT:NRG_CHDD_M(1.0),11/05/22 23:00:00,M,NR,HDD,EU27_2020,1988-09,103.82,
ESTAT:NRG_CHDD_M(1.0),11/05/22 23:00:00,M,NR,HDD,EU27_2020,1988-10,242.15,
ESTAT:NRG_CHDD_M(1.0),11/05/22 23:00:00,M,NR,HDD,EU27_2020,1988-11,459.77,
ESTAT:NRG_CHDD_M(1.0),11/05/22 23:00:00,M,NR,HDD,EU27_2020,1988-12,517.55,
ESTAT:NRG_CHDD_M(1.0),11/05/22 23:00:00,M,NR,HDD,EU27_2020,1989-01,495.86,
ESTAT:NRG_CHDD_M(1.0),11/05/22 23:00:00,M,NR,HDD,EU27_2020,1989-02,400.06,
ESTAT:NRG_CHDD_M(1.0),11/05/22 23:00:00,M,NR,HDD,EU27_2020,1989-03,343.15,
ESTAT:NRG_CHDD_M(1.0),11/05/22 23:00:00,M,NR,HDD,EU27_2020,1989-04,280.39,
ESTAT:NRG_CHDD_M(1.0),11/05/22 23:00:00,M,NR,HDD,EU27_2020,1989-05,134.14,
ESTAT:NRG_CHDD_M(1.0),11/05/22 23:00:00,M,NR,HDD,EU27_2020,1989-06,67.98,
ESTAT:NRG_CHDD_M(1.0),11/05/22 23:00:00,M,NR,HDD,EU27_2020,1989-07,29.60,
ESTAT:NRG_CHDD_M(1.0),11/05/22 23:00:00,M,NR,HDD,EU27_2020,1989-08,45.70,
ESTAT:NRG_CHDD_M(1.0),11/05/22 23:00:00,M,NR,HDD,EU27_2020,1989-09,96.40,
ESTAT:NRG_CHDD_M(1.0),11/05/22 23:00:00,M,NR,HDD,EU27_2020,1989-10,227.30,
ESTAT:NRG_CHDD_M(1.0),11/05/22 23:00:00,M,NR,HDD,EU27_2020,1989-11,396.10,
ESTAT:NRG_CHDD_M(1.0),11/05/22 23:00:00,M,NR,HDD,EU27_2020,1989-12,495.52,
ESTAT:NRG_CHDD_M(1.0),11/05/22 23:00:00,M,NR,HDD,EU27_2020,1990-01,527.62,
ESTAT:NRG_CHDD_M(1.0),11/05/22 23:00:00,M,NR,HDD,EU27_2020,1990-02,340.75,
ESTAT:NRG_CHDD_M(1.0),11/05/22 23:00:00,M,NR,HDD,EU27_2020,1990-03,344.52,
ESTAT:NRG_CHDD_M(1.0),11/05/22 23:00:00,M,NR,HDD,EU27_2020,1990-04,288.47,
ESTAT:NRG_CHDD_M(1.0),11/05/22 23:00:00,M,NR,HDD,EU27_2020,1990-05,131.84,
ESTAT:NRG_CHDD_M(1.0),11/05/22 23:00:00,M,NR,HDD,EU27_2020,1990-06,68.13,
ESTAT:NRG_CHDD_M(1.0),11/05/22 23:00:00,M,NR,HDD,EU27_2020,1990-07,32.73,
ESTAT:NRG_CHDD_M(1.0),11/05/22 23:00:00,M,NR,HDD,EU27_2020,1990-08,31.86,
ESTAT:NRG_CHDD_M(1.0),11/05/22 23:00:00,M,NR,HDD,EU27_2020,1990-09,136.69,
ESTAT:NRG_CHDD_M(1.0),11/05/22 23:00:00,M,NR,HDD,EU27_2020,1990-10,221.80,
ESTAT:NRG_CHDD_M(1.0),11/05/22 23:00:00,M,NR,HDD,EU27_2020,1990-11,391.85,
ESTAT:NRG_CHDD_M(1.0),11/05/22 23:00:00,M,NR,HDD,EU27_2020,1990-12,517.07,
ESTAT:NRG_CHDD_M(1.0),11/05/22 23:00:00,M,NR,HDD,EU27_2020,1991-01,528.07,
ESTAT:NRG_CHDD_M(1.0),11/05/22 23:00:00,M,NR,HDD,EU27_2020,1991-02,542.53,
ESTAT:NRG_CHDD_M(1.0),11/05/22 23:00:00,M,NR,HDD,EU27_2020,1991-03,381.84,
ESTAT:NRG_CHDD_M(1.0),11/05/22 23:00:00,M,NR,HDD,EU27_2020,1991-04,311.56,
ESTAT:NRG_CHDD_M(1.0),11/05/22 23:00:00,M,NR,HDD,EU27_2020,1991-05,224.76,
ESTAT:NRG_CHDD_M(1.0),11/05/22 23:00:00,M,NR,HDD,EU27_2020,1991-06,90.40,
ESTAT:NRG_CHDD_M(1.0),11/05/22 23:00:00,M,NR,HDD,EU27_2020,1991-07,17.51,
ESTAT:NRG_CHDD_M(1.0),11/05/22 23:00:00,M,NR,HDD,EU27_2020,1991-08,26.07,
ESTAT:NRG_CHDD_M(1.0),11/05/22 23:00:00,M,NR,HDD,EU27_2020,1991-09,98.41,
ESTAT:NRG_CHDD_M(1.0),11/05/22 23:00:00,M,NR,HDD,EU27_2020,1991-10,266.00,
ESTAT:NRG_CHDD_M(1.0),11/05/22 23:00:00,M,NR,HDD,EU27_2020,1991-11,385.34,
ESTAT:NRG_CHDD_M(1.0),11/05/22 23:00:00,M,NR,HDD,EU27_2020,1991-12,527.41,
ESTAT:NRG_CHDD_M(1.0),11/05/22 23:00:00,M,NR,HDD,EU27_2020,1992-01,531.41,
ESTAT:NRG_CHDD_M(1.0),11/05/22 23:00:00,M,NR,HDD,EU27_2020,1992-02,451.07,
ESTAT:NRG_CHDD_M(1.0),11/05/22 23:00:00,M,NR,HDD,EU27_2020,1992-03,389.71,
ESTAT:NRG_CHDD_M(1.0),11/05/22 23:00:00,M,NR,HDD,EU27_2020,1992-04,301.98,
ESTAT:NRG_CHDD_M(1.0),11/05/22 23:00:00,M,NR,HDD,EU27_2020,1992-05,125.52,
ESTAT:NRG_CHDD_M(1.0),11/05/22 23:00:00,M,NR,HDD,EU27_2020,1992-06,47.97,
ESTAT:NRG_CHDD_M(1.0),11/05/22 23:00:00,M,NR,HDD,EU27_2020,1992-07,30.02,
ESTAT:NRG_CHDD_M(1.0),11/05/22 23:00:00,M,NR,HDD,EU27_2020,1992-08,39.18,
ESTAT:NRG_CHDD_M(1.0),11/05/22 23:00:00,M,NR,HDD,EU27_2020,1992-09,105.14,
ESTAT:NRG_CHDD_M(1.0),11/05/22 23:00:00,M,NR,HDD,EU27_2020,1992-10,317.82,
ESTAT:NRG_CHDD_M(1.0),11/05/22 23:00:00,M,NR,HDD,EU27_2020,1992-11,379.27,
ESTAT:NRG_CHDD_M(1.0),11/05/22 23:00:00,M,NR,HDD,EU27_2020,1992-12,490.43,
ESTAT:NRG_CHDD_M(1.0),11/05/22 23:00:00,M,NR,HDD,EU27_2020,1993-01,509.37,
ESTAT:NRG_CHDD_M(1.0),11/05/22 23:00:00,M,NR,HDD,EU27_2020,1993-02,483.01,
ESTAT:NRG_CHDD_M(1.0),11/05/22 23:00:00,M,NR,HDD,EU27_2020,1993-03,434.36,
ESTAT:NRG_CHDD_M(1.0),11/05/22 23:00:00,M,NR,HDD,EU27_2020,1993-04,276.93,
ESTAT:NRG_CHDD_M(1.0),11/05/22 23:00:00,M,NR,HDD,EU27_2020,1993-05,114.39,
ESTAT:NRG_CHDD_M(1.0),11/05/22 23:00:00,M,NR,HDD,EU27_2020,1993-06,79.98,
ESTAT:NRG_CHDD_M(1.0),11/05/22 23:00:00,M,NR,HDD,EU27_2020,1993-07,39.79,
ESTAT:NRG_CHDD_M(1.0),11/05/22 23:00:00,M,NR,HDD,EU27_2020,1993-08,59.98,
ESTAT:NRG_CHDD_M(1.0),11/05/22 23:00:00,M,NR,HDD,EU27_2020,1993-09,152.22,
ESTAT:NRG_CHDD_M(1.0),11/05/22 23:00:00,M,NR,HDD,EU27_2020,1993-10,272.90,
ESTAT:NRG_CHDD_M(1.0),11/05/22 23:00:00,M,NR,HDD,EU27_2020,1993-11,469.46,
ESTAT:NRG_CHDD_M(1.0),11/05/22 23:00:00,M,NR,HDD,EU27_2020,1993-12,482.38,
ESTAT:NRG_CHDD_M(1.0),11/05/22 23:00:00,M,NR,HDD,EU27_2020,1994-01,509.52,
ESTAT:NRG_CHDD_M(1.0),11/05/22 23:00:00,M,NR,HDD,EU27_2020,1994-02,509.87,
ESTAT:NRG_CHDD_M(1.0),11/05/22 23:00:00,M,NR,HDD,EU27_2020,1994-03,374.37,
ESTAT:NRG_CHDD_M(1.0),11/05/22 23:00:00,M,NR,HDD,EU27_2020,1994-04,278.86,
ESTAT:NRG_CHDD_M(1.0),11/05/22 23:00:00,M,NR,HDD,EU27_2020,1994-05,167.34,
ESTAT:NRG_CHDD_M(1.0),11/05/22 23:00:00,M,NR,HDD,EU27_2020,1994-06,78.62,
ESTAT:NRG_CHDD_M(1.0),11/05/22 23:00:00,M,NR,HDD,EU27_2020,1994-07,13.10,
ESTAT:NRG_CHDD_M(1.0),11/05/22 23:00:00,M,NR,HDD,EU27_2020,1994-08,35.01,
ESTAT:NRG_CHDD_M(1.0),11/05/22 23:00:00,M,NR,HDD,EU27_2020,1994-09,108.58,
ESTAT:NRG_CHDD_M(1.0),11/05/22 23:00:00,M,NR,HDD,EU27_2020,1994-10,259.42,
ESTAT:NRG_CHDD_M(1.0),11/05/22 23:00:00,M,NR,HDD,EU27_2020,1994-11,350.98,
ESTAT:NRG_CHDD_M(1.0),11/05/22 23:00:00,M,NR,HDD,EU27_2020,1994-12,461.38,
ESTAT:NRG_CHDD_M(1.0),11/05/22 23:00:00,M,NR,HDD,EU27_2020,1995-01,535.34,
ESTAT:NRG_CHDD_M(1.0),11/05/22 23:00:00,M,NR,HDD,EU27_2020,1995-02,383.32,
ESTAT:NRG_CHDD_M(1.0),11/05/22 23:00:00,M,NR,HDD,EU27_2020,1995-03,412.71,
ESTAT:NRG_CHDD_M(1.0),11/05/22 23:00:00,M,NR,HDD,EU27_2020,1995-04,289.13,
ESTAT:NRG_CHDD_M(1.0),11/05/22 23:00:00,M,NR,HDD,EU27_2020,1995-05,168.74,
ESTAT:NRG_CHDD_M(1.0),11/05/22 23:00:00,M,NR,HDD,EU27_2020,1995-06,62.15,
ESTAT:NRG_CHDD_M(1.0),11/05/22 23:00:00,M,NR,HDD,EU27_2020,1995-07,28.36,
ESTAT:NRG_CHDD_M(1.0),11/05/22 23:00:00,M,NR,HDD,EU27_2020,1995-08,39.93,
ESTAT:NRG_CHDD_M(1.0),11/05/22 23:00:00,M,NR,HDD,EU27_2020,1995-09,124.53,
ESTAT:NRG_CHDD_M(1.0),11/05/22 23:00:00,M,NR,HDD,EU27_2020,1995-10,184.87,
ESTAT:NRG_CHDD_M(1.0),11/05/22 23:00:00,M,NR,HDD,EU27_2020,1995-11,427.90,
ESTAT:NRG_CHDD_M(1.0),11/05/22 23:00:00,M,NR,HDD,EU27_2020,1995-12,562.15,
ESTAT:NRG_CHDD_M(1.0),11/05/22 23:00:00,M,NR,HDD,EU27_2020,1996-01,557.47,
ESTAT:NRG_CHDD_M(1.0),11/05/22 23:00:00,M,NR,HDD,EU27_2020,1996-02,569.74,
ESTAT:NRG_CHDD_M(1.0),11/05/22 23:00:00,M,NR,HDD,EU27_2020,1996-03,484.55,
ESTAT:NRG_CHDD_M(1.0),11/05/22 23:00:00,M,NR,HDD,EU27_2020,1996-04,284.87,
ESTAT:NRG_CHDD_M(1.0),11/05/22 23:00:00,M,NR,HDD,EU27_2020,1996-05,170.81,
ESTAT:NRG_CHDD_M(1.0),11/05/22 23:00:00,M,NR,HDD,EU27_2020,1996-06,70.03,
ESTAT:NRG_CHDD_M(1.0),11/05/22 23:00:00,M,NR,HDD,EU27_2020,1996-07,48.60,
ESTAT:NRG_CHDD_M(1.0),11/05/22 23:00:00,M,NR,HDD,EU27_2020,1996-08,23.11,
ESTAT:NRG_CHDD_M(1.0),11/05/22 23:00:00,M,NR,HDD,EU27_2020,1996-09,161.16,
ESTAT:NRG_CHDD_M(1.0),11/05/22 23:00:00,M,NR,HDD,EU27_2020,1996-10,232.90,
ESTAT:NRG_CHDD_M(1.0),11/05/22 23:00:00,M,NR,HDD,EU27_2020,1996-11,368.46,
ESTAT:NRG_CHDD_M(1.0),11/05/22 23:00:00,M,NR,HDD,EU27_2020,1996-12,561.65,
ESTAT:NRG_CHDD_M(1.0),11/05/22 23:00:00,M,NR,HDD,EU27_2020,1997-01,567.11,
ESTAT:NRG_CHDD_M(1.0),11/05/22 23:00:00,M,NR,HDD,EU27_2020,1997-02,416.00,
ESTAT:NRG_CHDD_M(1.0),11/05/22 23:00:00,M,NR,HDD,EU27_2020,1997-03,382.49,
ESTAT:NRG_CHDD_M(1.0),11/05/22 23:00:00,M,NR,HDD,EU27_2020,1997-04,331.91,
ESTAT:NRG_CHDD_M(1.0),11/05/22 23:00:00,M,NR,HDD,EU27_2020,1997-05,159.74,
ESTAT:NRG_CHDD_M(1.0),11/05/22 23:00:00,M,NR,HDD,EU27_2020,1997-06,57.94,
ESTAT:NRG_CHDD_M(1.0),11/05/22 23:00:00,M,NR,HDD,EU27_2020,1997-07,16.37,
ESTAT:NRG_CHDD_M(1.0),11/05/22 23:00:00,M,NR,HDD,EU27_2020,1997-08,19.33,
ESTAT:NRG_CHDD_M(1.0),11/05/22 23:00:00,M,NR,HDD,EU27_2020,1997-09,100.72,
ESTAT:NRG_CHDD_M(1.0),11/05/22 23:00:00,M,NR,HDD,EU27_2020,1997-10,270.06,
ESTAT:NRG_CHDD_M(1.0),11/05/22 23:00:00,M,NR,HDD,EU27_2020,1997-11,381.75,
ESTAT:NRG_CHDD_M(1.0),11/05/22 23:00:00,M,NR,HDD,EU27_2020,1997-12,490.44,
ESTAT:NRG_CHDD_M(1.0),11/05/22 23:00:00,M,NR,HDD,EU27_2020,1998-01,489.06,
ESTAT:NRG_CHDD_M(1.0),11/05/22 23:00:00,M,NR,HDD,EU27_2020,1998-02,414.01,
ESTAT:NRG_CHDD_M(1.0),11/05/22 23:00:00,M,NR,HDD,EU27_2020,1998-03,427.45,
ESTAT:NRG_CHDD_M(1.0),11/05/22 23:00:00,M,NR,HDD,EU27_2020,1998-04,283.29,
ESTAT:NRG_CHDD_M(1.0),11/05/22 23:00:00,M,NR,HDD,EU27_2020,1998-05,145.77,
ESTAT:NRG_CHDD_M(1.0),11/05/22 23:00:00,M,NR,HDD,EU27_2020,1998-06,61.57,
ESTAT:NRG_CHDD_M(1.0),11/05/22 23:00:00,M,NR,HDD,EU27_2020,1998-07,30.45,
ESTAT:NRG_CHDD_M(1.0),11/05/22 23:00:00,M,NR,HDD,EU27_2020,1998-08,54.43,
ESTAT:NRG_CHDD_M(1.0),11/05/22 23:00:00,M,NR,HDD,EU27_2020,1998-09,105.94,
ESTAT:NRG_CHDD_M(1.0),11/05/22 23:00:00,M,NR,HDD,EU27_2020,1998-10,245.62,
ESTAT:NRG_CHDD_M(1.0),11/05/22 23:00:00,M,NR,HDD,EU27_2020,1998-11,459.72,
ESTAT:NRG_CHDD_M(1.0),11/05/22 23:00:00,M,NR,HDD,EU27_2020,1998-12,545.79,
ESTAT:NRG_CHDD_M(1.0),11/05/22 23:00:00,M,NR,HDD,EU27_2020,1999-01,531.46,
ESTAT:NRG_CHDD_M(1.0),11/05/22 23:00:00,M,NR,HDD,EU27_2020,1999-02,491.08,
ESTAT:NRG_CHDD_M(1.0),11/05/22 23:00:00,M,NR,HDD,EU27_2020,1999-03,394.65,
ESTAT:NRG_CHDD_M(1.0),11/05/22 23:00:00,M,NR,HDD,EU27_2020,1999-04,252.99,
ESTAT:NRG_CHDD_M(1.0),11/05/22 23:00:00,M,NR,HDD,EU27_2020,1999-05,151.92,
ESTAT:NRG_CHDD_M(1.0),11/05/22 23:00:00,M,NR,HDD,EU27_2020,1999-06,48.66,
ESTAT:NRG_CHDD_M(1.0),11/05/22 23:00:00,M,NR,HDD,EU27_2020,1999-07,18.57,
ESTAT:NRG_CHDD_M(1.0),11/05/22 23:00:00,M,NR,HDD,EU27_2020,1999-08,44.33,
ESTAT:NRG_CHDD_M(1.0),11/05/22 23:00:00,M,NR,HDD,EU27_2020,1999-09,60.18,
ESTAT:NRG_CHDD_M(1.0),11/05/22 23:00:00,M,NR,HDD,EU27_2020,1999-10,228.49,
ESTAT:NRG_CHDD_M(1.0),11/05/22 23:00:00,M,NR,HDD,EU27_2020,1999-11,398.00,
ESTAT:NRG_CHDD_M(1.0),11/05/22 23:00:00,M,NR,HDD,EU27_2020,1999-12,508.76,
ESTAT:NRG_CHDD_M(1.0),11/05/22 23:00:00,M,NR,HDD,EU27_2020,2000-01,557.85,
ESTAT:NRG_CHDD_M(1.0),11/05/22 23:00:00,M,NR,HDD,EU27_2020,2000-02,424.57,
ESTAT:NRG_CHDD_M(1.0),11/05/22 23:00:00,M,NR,HDD,EU27_2020,2000-03,401.16,
ESTAT:NRG_CHDD_M(1.0),11/05/22 23:00:00,M,NR,HDD,EU27_2020,2000-04,241.86,
ESTAT:NRG_CHDD_M(1.0),11/05/22 23:00:00,M,NR,HDD,EU27_2020,2000-05,116.89,
ESTAT:NRG_CHDD_M(1.0),11/05/22 23:00:00,M,NR,HDD,EU27_2020,2000-06,65.96,
ESTAT:NRG_CHDD_M(1.0),11/05/22 23:00:00,M,NR,HDD,EU27_2020,2000-07,37.08,
ESTAT:NRG_CHDD_M(1.0),11/05/22 23:00:00,M,NR,HDD,EU27_2020,2000-08,35.06,
ESTAT:NRG_CHDD_M(1.0),11/05/22 23:00:00,M,NR,HDD,EU27_2020,2000-09,111.51,
ESTAT:NRG_CHDD_M(1.0),11/05/22 23:00:00,M,NR,HDD,EU27_2020,2000-10,196.30,
ESTAT:NRG_CHDD_M(1.0),11/05/22 23:00:00,M,NR,HDD,EU27_2020,2000-11,325.11,
ESTAT:NRG_CHDD_M(1.0),11/05/22 23:00:00,M,NR,HDD,EU27_2020,2000-12,447.42,
ESTAT:NRG_CHDD_M(1.0),11/05/22 23:00:00,M,NR,HDD,EU27_2020,2001-01,493.73,
ESTAT:NRG_CHDD_M(1.0),11/05/22 23:00:00,M,NR,HDD,EU27_2020,2001-02,461.94,
ESTAT:NRG_CHDD_M(1.0),11/05/22 23:00:00,M,NR,HDD,EU27_2020,2001-03,398.16,
ESTAT:NRG_CHDD_M(1.0),11/05/22 23:00:00,M,NR,HDD,EU27_2020,2001-04,289.78,
ESTAT:NRG_CHDD_M(1.0),11/05/22 23:00:00,M,NR,HDD,EU27_2020,2001-05,140.23,
ESTAT:NRG_CHDD_M(1.0),11/05/22 23:00:00,M,NR,HDD,EU27_2020,2001-06,70.50,
ESTAT:NRG_CHDD_M(1.0),11/05/22 23:00:00,M,NR,HDD,EU27_2020,2001-07,19.77,
ESTAT:NRG_CHDD_M(1.0),11/05/22 23:00:00,M,NR,HDD,EU27_2020,2001-08,31.84,
ESTAT:NRG_CHDD_M(1.0),11/05/22 23:00:00,M,NR,HDD,EU27_2020,2001-09,121.25,
ESTAT:NRG_CHDD_M(1.0),11/05/22 23:00:00,M,NR,HDD,EU27_2020,2001-10,170.13,
ESTAT:NRG_CHDD_M(1.0),11/05/22 23:00:00,M,NR,HDD,EU27_2020,2001-11,414.86,
ESTAT:NRG_CHDD_M(1.0),11/05/22 23:00:00,M,NR,HDD,EU27_2020,2001-12,597.85,
ESTAT:NRG_CHDD_M(1.0),11/05/22 23:00:00,M,NR,HDD,EU27_2020,2002-01,531.31,
ESTAT:NRG_CHDD_M(1.0),11/05/22 23:00:00,M,NR,HDD,EU27_2020,2002-02,378.83,
ESTAT:NRG_CHDD_M(1.0),11/05/22 23:00:00,M,NR,HDD,EU27_2020,2002-03,372.94,
ESTAT:NRG_CHDD_M(1.0),11/05/22 23:00:00,M,NR,HDD,EU27_2020,2002-04,270.34,
ESTAT:NRG_CHDD_M(1.0),11/05/22 23:00:00,M,NR,HDD,EU27_2020,2002-05,120.66,
ESTAT:NRG_CHDD_M(1.0),11/05/22 23:00:00,M,NR,HDD,EU27_2020,2002-06,41.00,
ESTAT:NRG_CHDD_M(1.0),11/05/22 23:00:00,M,NR,HDD,EU27_2020,2002-07,16.69,
ESTAT:NRG_CHDD_M(1.0),11/05/22 23:00:00,M,NR,HDD,EU27_2020,2002-08,15.59,
ESTAT:NRG_CHDD_M(1.0),11/05/22 23:00:00,M,NR,HDD,EU27_2020,2002-09,118.09,
ESTAT:NRG_CHDD_M(1.0),11/05/22 23:00:00,M,NR,HDD,EU27_2020,2002-10,271.22,
ESTAT:NRG_CHDD_M(1.0),11/05/22 23:00:00,M,NR,HDD,EU27_2020,2002-11,375.83,
ESTAT:NRG_CHDD_M(1.0),11/05/22 23:00:00,M,NR,HDD,EU27_2020,2002-12,550.51,
ESTAT:NRG_CHDD_M(1.0),11/05/22 23:00:00,M,NR,HDD,EU27_2020,2003-01,587.44,
ESTAT:NRG_CHDD_M(1.0),11/05/22 23:00:00,M,NR,HDD,EU27_2020,2003-02,522.02,
ESTAT:NRG_CHDD_M(1.0),11/05/22 23:00:00,M,NR,HDD,EU27_2020,2003-03,391.20,
ESTAT:NRG_CHDD_M(1.0),11/05/22 23:00:00,M,NR,HDD,EU27_2020,2003-04,290.66,
ESTAT:NRG_CHDD_M(1.0),11/05/22 23:00:00,M,NR,HDD,EU27_2020,2003-05,120.53,
ESTAT:NRG_CHDD_M(1.0),11/05/22 23:00:00,M,NR,HDD,EU27_2020,2003-06,42.99,
ESTAT:NRG_CHDD_M(1.0),11/05/22 23:00:00,M,NR,HDD,EU27_2020,2003-07,8.99,
ESTAT:NRG_CHDD_M(1.0),11/05/22 23:00:00,M,NR,HDD,EU27_2020,2003-08,28.44,
ESTAT:NRG_CHDD_M(1.0),11/05/22 23:00:00,M,NR,HDD,EU27_2020,2003-09,99.29,
ESTAT:NRG_CHDD_M(1.0),11/05/22 23:00:00,M,NR,HDD,EU27_2020,2003-10,296.51,
ESTAT:NRG_CHDD_M(1.0),11/05/22 23:00:00,M,NR,HDD,EU27_2020,2003-11,346.36,
ESTAT:NRG_CHDD_M(1.0),11/05/22 23:00:00,M,NR,HDD,EU27_2020,2003-12,491.32,
ESTAT:NRG_CHDD_M(1.0),11/05/22 23:00:00,M,NR,HDD,EU27_2020,2004-01,571.41,
ESTAT:NRG_CHDD_M(1.0),11/05/22 23:00:00,M,NR,HDD,EU27_2020,2004-02,471.72,
ESTAT:NRG_CHDD_M(1.0),11/05/22 23:00:00,M,NR,HDD,EU27_2020,2004-03,419.86,
ESTAT:NRG_CHDD_M(1.0),11/05/22 23:00:00,M,NR,HDD,EU27_2020,2004-04,269.89,
ESTAT:NRG_CHDD_M(1.0),11/05/22 23:00:00,M,NR,HDD,EU27_2020,2004-05,172.42,
ESTAT:NRG_CHDD_M(1.0),11/05/22 23:00:00,M,NR,HDD,EU27_2020,2004-06,65.01,
ESTAT:NRG_CHDD_M(1.0),11/05/22 23:00:00,M,NR,HDD,EU27_2020,2004-07,29.86,
ESTAT:NRG_CHDD_M(1.0),11/05/22 23:00:00,M,NR,HDD,EU27_2020,2004-08,29.48,
ESTAT:NRG_CHDD_M(1.0),11/05/22 23:00:00,M,NR,HDD,EU27_2020,2004-09,94.67,
ESTAT:NRG_CHDD_M(1.0),11/05/22 23:00:00,M,NR,HDD,EU27_2020,2004-10,213.35,
ESTAT:NRG_CHDD_M(1.0),11/05/22 23:00:00,M,NR,HDD,EU27_2020,2004-11,395.17,
ESTAT:NRG_CHDD_M(1.0),11/05/22 23:00:00,M,NR,HDD,EU27_2020,2004-12,482.89,
ESTAT:NRG_CHDD_M(1.0),11/05/22 23:00:00,M,NR,HDD,EU27_2020,2005-01,506.11,
ESTAT:NRG_CHDD_M(1.0),11/05/22 23:00:00,M,NR,HDD,EU27_2020,2005-02,520.40,
ESTAT:NRG_CHDD_M(1.0),11/05/22 23:00:00,M,NR,HDD,EU27_2020,2005-03,459.72,
ESTAT:NRG_CHDD_M(1.0),11/05/22 23:00:00,M,NR,HDD,EU27_2020,2005-04,266.45,
ESTAT:NRG_CHDD_M(1.0),11/05/22 23:00:00,M,NR,HDD,EU27_2020,2005-05,150.80,
ESTAT:NRG_CHDD_M(1.0),11/05/22 23:00:00,M,NR,HDD,EU27_2020,2005-06,62.40,
ESTAT:NRG_CHDD_M(1.0),11/05/22 23:00:00,M,NR,HDD,EU27_2020,2005-07,16.42,
ESTAT:NRG_CHDD_M(1.0),11/05/22 23:00:00,M,NR,HDD,EU27_2020,2005-08,34.89,
ESTAT:NRG_CHDD_M(1.0),11/05/22 23:00:00,M,NR,HDD,EU27_2020,2005-09,86.54,
ESTAT:NRG_CHDD_M(1.0),11/05/22 23:00:00,M,NR,HDD,EU27_2020,2005-10,198.23,
ESTAT:NRG_CHDD_M(1.0),11/05/22 23:00:00,M,NR,HDD,EU27_2020,2005-11,379.87,
ESTAT:NRG_CHDD_M(1.0),11/05/22 23:00:00,M,NR,HDD,EU27_2020,2005-12,527.89,
ESTAT:NRG_CHDD_M(1.0),11/05/22 23:00:00,M,NR,HDD,EU27_2020,2006-01,597.32,
ESTAT:NRG_CHDD_M(1.0),11/05/22 23:00:00,M,NR,HDD,EU27_2020,2006-02,511.48,
ESTAT:NRG_CHDD_M(1.0),11/05/22 23:00:00,M,NR,HDD,EU27_2020,2006-03,479.34,
ESTAT:NRG_CHDD_M(1.0),11/05/22 23:00:00,M,NR,HDD,EU27_2020,2006-04,260.40,
ESTAT:NRG_CHDD_M(1.0),11/05/22 23:00:00,M,NR,HDD,EU27_2020,2006-05,139.15,
ESTAT:NRG_CHDD_M(1.0),11/05/22 23:00:00,M,NR,HDD,EU27_2020,2006-06,58.05,
ESTAT:NRG_CHDD_M(1.0),11/05/22 23:00:00,M,NR,HDD,EU27_2020,2006-07,14.79,
ESTAT:NRG_CHDD_M(1.0),11/05/22 23:00:00,M,NR,HDD,EU27_2020,2006-08,24.09,
ESTAT:NRG_CHDD_M(1.0),11/05/22 23:00:00,M,NR,HDD,EU27_2020,2006-09,56.00,
ESTAT:NRG_CHDD_M(1.0),11/05/22 23:00:00,M,NR,HDD,EU27_2020,2006-10,181.03,
ESTAT:NRG_CHDD_M(1.0),11/05/22 23:00:00,M,NR,HDD,EU27_2020,2006-11,330.90,
ESTAT:NRG_CHDD_M(1.0),11/05/22 23:00:00,M,NR,HDD,EU27_2020,2006-12,431.96,
ESTAT:NRG_CHDD_M(1.0),11/05/22 23:00:00,M,NR,HDD,EU27_2020,2007-01,459.71,
ESTAT:NRG_CHDD_M(1.0),11/05/22 23:00:00,M,NR,HDD,EU27_2020,2007-02,444.94,
ESTAT:NRG_CHDD_M(1.0),11/05/22 23:00:00,M,NR,HDD,EU27_2020,2007-03,355.89,
ESTAT:NRG_CHDD_M(1.0),11/05/22 23:00:00,M,NR,HDD,EU27_2020,2007-04,227.33,
ESTAT:NRG_CHDD_M(1.0),11/05/22 23:00:00,M,NR,HDD,EU27_2020,2007-05,130.75,
ESTAT:NRG_CHDD_M(1.0),11/05/22 23:00:00,M,NR,HDD,EU27_2020,2007-06,42.21,
ESTAT:NRG_CHDD_M(1.0),11/05/22 23:00:00,M,NR,HDD,EU27_2020,2007-07,27.52,
ESTAT:NRG_CHDD_M(1.0),11/05/22 23:00:00,M,NR,HDD,EU27_2020,2007-08,33.97,
ESTAT:NRG_CHDD_M(1.0),11/05/22 23:00:00,M,NR,HDD,EU27_2020,2007-09,123.03,
ESTAT:NRG_CHDD_M(1.0),11/05/22 23:00:00,M,NR,HDD,EU27_2020,2007-10,238.95,
ESTAT:NRG_CHDD_M(1.0),11/05/22 23:00:00,M,NR,HDD,EU27_2020,2007-11,411.59,
ESTAT:NRG_CHDD_M(1.0),11/05/22 23:00:00,M,NR,HDD,EU27_2020,2007-12,490.01,
ESTAT:NRG_CHDD_M(1.0),11/05/22 23:00:00,M,NR,HDD,EU27_2020,2008-01,473.03,
ESTAT:NRG_CHDD_M(1.0),11/05/22 23:00:00,M,NR,HDD,EU27_2020,2008-02,407.42,
ESTAT:NRG_CHDD_M(1.0),11/05/22 23:00:00,M,NR,HDD,EU27_2020,2008-03,404.79,
ESTAT:NRG_CHDD_M(1.0),11/05/22 23:00:00,M,NR,HDD,EU27_2020,2008-04,269.77,
ESTAT:NRG_CHDD_M(1.0),11/05/22 23:00:00,M,NR,HDD,EU27_2020,2008-05,137.50,
ESTAT:NRG_CHDD_M(1.0),11/05/22 23:00:00,M,NR,HDD,EU27_2020,2008-06,56.59,
ESTAT:NRG_CHDD_M(1.0),11/05/22 23:00:00,M,NR,HDD,EU27_2020,2008-07,24.31,
ESTAT:NRG_CHDD_M(1.0),11/05/22 23:00:00,M,NR,HDD,EU27_2020,2008-08,39.65,
ESTAT:NRG_CHDD_M(1.0),11/05/22 23:00:00,M,NR,HDD,EU27_2020,2008-09,139.46,
ESTAT:NRG_CHDD_M(1.0),11/05/22 23:00:00,M,NR,HDD,EU27_2020,2008-10,222.34,
ESTAT:NRG_CHDD_M(1.0),11/05/22 23:00:00,M,NR,HDD,EU27_2020,2008-11,374.65,
ESTAT:NRG_CHDD_M(1.0),11/05/22 23:00:00,M,NR,HDD,EU27_2020,2008-12,486.88,
ESTAT:NRG_CHDD_M(1.0),11/05/22 23:00:00,M,NR,HDD,EU27_2020,2009-01,562.94,
ESTAT:NRG_CHDD_M(1.0),11/05/22 23:00:00,M,NR,HDD,EU27_2020,2009-02,483.25,
ESTAT:NRG_CHDD_M(1.0),11/05/22 23:00:00,M,NR,HDD,EU27_2020,2009-03,411.54,
ESTAT:NRG_CHDD_M(1.0),11/05/22 23:00:00,M,NR,HDD,EU27_2020,2009-04,238.27,
ESTAT:NRG_CHDD_M(1.0),11/05/22 23:00:00,M,NR,HDD,EU27_2020,2009-05,123.67,
ESTAT:NRG_CHDD_M(1.0),11/05/22 23:00:00,M,NR,HDD,EU27_2020,2009-06,69.47,
ESTAT:NRG_CHDD_M(1.0),11/05/22 23:00:00,M,NR,HDD,EU27_2020,2009-07,22.36,
ESTAT:NRG_CHDD_M(1.0),11/05/22 23:00:00,M,NR,HDD,EU27_2020,2009-08,24.50,
ESTAT:NRG_CHDD_M(1.0),11/05/22 23:00:00,M,NR,HDD,EU27_2020,2009-09,75.68,
ESTAT:NRG_CHDD_M(1.0),11/05/22 23:00:00,M,NR,HDD,EU27_2020,2009-10,255.87,
ESTAT:NRG_CHDD_M(1.0),11/05/22 23:00:00,M,NR,HDD,EU27_2020,2009-11,320.73,
ESTAT:NRG_CHDD_M(1.0),11/05/22 23:00:00,M,NR,HDD,EU27_2020,2009-12,524.97,
ESTAT:NRG_CHDD_M(1.0),11/05/22 23:00:00,M,NR,HDD,EU27_2020,2010-01,637.25,
ESTAT:NRG_CHDD_M(1.0),11/05/22 23:00:00,M,NR,HDD,EU27_2020,2010-02,511.00,
ESTAT:NRG_CHDD_M(1.0),11/05/22 23:00:00,M,NR,HDD,EU27_2020,2010-03,432.53,
ESTAT:NRG_CHDD_M(1.0),11/05/22 23:00:00,M,NR,HDD,EU27_2020,2010-04,258.45,
ESTAT:NRG_CHDD_M(1.0),11/05/22 23:00:00,M,NR,HDD,EU27_2020,2010-05,159.63,
ESTAT:NRG_CHDD_M(1.0),11/05/22 23:00:00,M,NR,HDD,EU27_2020,2010-06,65.67,
ESTAT:NRG_CHDD_M(1.0),11/05/22 23:00:00,M,NR,HDD,EU27_2020,2010-07,12.24,
ESTAT:NRG_CHDD_M(1.0),11/05/22 23:00:00,M,NR,HDD,EU27_2020,2010-08,37.45,
ESTAT:NRG_CHDD_M(1.0),11/05/22 23:00:00,M,NR,HDD,EU27_2020,2010-09,115.03,
ESTAT:NRG_CHDD_M(1.0),11/05/22 23:00:00,M,NR,HDD,EU27_2020,2010-10,271.06,
ESTAT:NRG_CHDD_M(1.0),11/05/22 23:00:00,M,NR,HDD,EU27_2020,2010-11,384.55,
ESTAT:NRG_CHDD_M(1.0),11/05/22 23:00:00,M,NR,HDD,EU27_2020,2010-12,612.55,
ESTAT:NRG_CHDD_M(1.0),11/05/22 23:00:00,M,NR,HDD,EU27_2020,2011-01,541.77,
ESTAT:NRG_CHDD_M(1.0),11/05/22 23:00:00,M,NR,HDD,EU27_2020,2011-02,502.60,
ESTAT:NRG_CHDD_M(1.0),11/05/22 23:00:00,M,NR,HDD,EU27_2020,2011-03,408.58,
ESTAT:NRG_CHDD_M(1.0),11/05/22 23:00:00,M,NR,HDD,EU27_2020,2011-04,205.41,
ESTAT:NRG_CHDD_M(1.0),11/05/22 23:00:00,M,NR,HDD,EU27_2020,2011-05,128.65,
ESTAT:NRG_CHDD_M(1.0),11/05/22 23:00:00,M,NR,HDD,EU27_2020,2011-06,44.00,
ESTAT:NRG_CHDD_M(1.0),11/05/22 23:00:00,M,NR,HDD,EU27_2020,2011-07,24.09,
ESTAT:NRG_CHDD_M(1.0),11/05/22 23:00:00,M,NR,HDD,EU27_2020,2011-08,31.74,
ESTAT:NRG_CHDD_M(1.0),11/05/22 23:00:00,M,NR,HDD,EU27_2020,2011-09,68.98,
ESTAT:NRG_CHDD_M(1.0),11/05/22 23:00:00,M,NR,HDD,EU27_2020,2011-10,223.38,
ESTAT:NRG_CHDD_M(1.0),11/05/22 23:00:00,M,NR,HDD,EU27_2020,2011-11,351.30,
ESTAT:NRG_CHDD_M(1.0),11/05/22 23:00:00,M,NR,HDD,EU27_2020,2011-12,437.65,
ESTAT:NRG_CHDD_M(1.0),11/05/22 23:00:00,M,NR,HDD,EU27_2020,2012-01,528.72,
ESTAT:NRG_CHDD_M(1.0),11/05/22 23:00:00,M,NR,HDD,EU27_2020,2012-02,587.21,
ESTAT:NRG_CHDD_M(1.0),11/05/22 23:00:00,M,NR,HDD,EU27_2020,2012-03,355.90,
ESTAT:NRG_CHDD_M(1.0),11/05/22 23:00:00,M,NR,HDD,EU27_2020,2012-04,286.18,
ESTAT:NRG_CHDD_M(1.0),11/05/22 23:00:00,M,NR,HDD,EU27_2020,2012-05,134.05,
ESTAT:NRG_CHDD_M(1.0),11/05/22 23:00:00,M,NR,HDD,EU27_2020,2012-06,67.23,
ESTAT:NRG_CHDD_M(1.0),11/05/22 23:00:00,M,NR,HDD,EU27_2020,2012-07,25.92,
ESTAT:NRG_CHDD_M(1.0),11/05/22 23:00:00,M,NR,HDD,EU27_2020,2012-08,32.69,
ESTAT:NRG_CHDD_M(1.0),11/05/22 23:00:00,M,NR,HDD,EU27_2020,2012-09,98.60,
ESTAT:NRG_CHDD_M(1.0),11/05/22 23:00:00,M,NR,HDD,EU27_2020,2012-10,232.69,
ESTAT:NRG_CHDD_M(1.0),11/05/22 23:00:00,M,NR,HDD,EU27_2020,2012-11,342.04,
ESTAT:NRG_CHDD_M(1.0),11/05/22 23:00:00,M,NR,HDD,EU27_2020,2012-12,546.63,
ESTAT:NRG_CHDD_M(1.0),11/05/22 23:00:00,M,NR,HDD,EU27_2020,2013-01,549.66,
ESTAT:NRG_CHDD_M(1.0),11/05/22 23:00:00,M,NR,HDD,EU27_2020,2013-02,472.51,
ESTAT:NRG_CHDD_M(1.0),11/05/22 23:00:00,M,NR,HDD,EU27_2020,2013-03,496.20,
ESTAT:NRG_CHDD_M(1.0),11/05/22 23:00:00,M,NR,HDD,EU27_2020,2013-04,280.07,
ESTAT:NRG_CHDD_M(1.0),11/05/22 23:00:00,M,NR,HDD,EU27_2020,2013-05,143.00,
ESTAT:NRG_CHDD_M(1.0),11/05/22 23:00:00,M,NR,HDD,EU27_2020,2013-06,53.52,
ESTAT:NRG_CHDD_M(1.0),11/05/22 23:00:00,M,NR,HDD,EU27_2020,2013-07,18.16,
ESTAT:NRG_CHDD_M(1.0),11/05/22 23:00:00,M,NR,HDD,EU27_2020,2013-08,25.46,
ESTAT:NRG_CHDD_M(1.0),11/05/22 23:00:00,M,NR,HDD,EU27_2020,2013-09,101.93,
ESTAT:NRG_CHDD_M(1.0),11/05/22 23:00:00,M,NR,HDD,EU27_2020,2013-10,199.35,
ESTAT:NRG_CHDD_M(1.0),11/05/22 23:00:00,M,NR,HDD,EU27_2020,2013-11,359.73,
ESTAT:NRG_CHDD_M(1.0),11/05/22 23:00:00,M,NR,HDD,EU27_2020,2013-12,460.50,
ESTAT:NRG_CHDD_M(1.0),11/05/22 23:00:00,M,NR,HDD,EU27_2020,2014-01,511.29,
ESTAT:NRG_CHDD_M(1.0),11/05/22 23:00:00,M,NR,HDD,EU27_2020,2014-02,382.78,
ESTAT:NRG_CHDD_M(1.0),11/05/22 23:00:00,M,NR,HDD,EU27_2020,2014-03,342.12,
ESTAT:NRG_CHDD_M(1.0),11/05/22 23:00:00,M,NR,HDD,EU27_2020,2014-04,227.88,
ESTAT:NRG_CHDD_M(1.0),11/05/22 23:00:00,M,NR,HDD,EU27_2020,2014-05,153.05,
ESTAT:NRG_CHDD_M(1.0),11/05/22 23:00:00,M,NR,HDD,EU27_2020,2014-06,63.52,
ESTAT:NRG_CHDD_M(1.0),11/05/22 23:00:00,M,NR,HDD,EU27_2020,2014-07,11.44,
ESTAT:NRG_CHDD_M(1.0),11/05/22 23:00:00,M,NR,HDD,EU27_2020,2014-08,41.16,
ESTAT:NRG_CHDD_M(1.0),11/05/22 23:00:00,M,NR,HDD,EU27_2020,2014-09,82.35,
ESTAT:NRG_CHDD_M(1.0),11/05/22 23:00:00,M,NR,HDD,EU27_2020,2014-10,193.38,
ESTAT:NRG_CHDD_M(1.0),11/05/22 23:00:00,M,NR,HDD,EU27_2020,2014-11,331.01,
ESTAT:NRG_CHDD_M(1.0),11/05/22 23:00:00,M,NR,HDD,EU27_2020,2014-12,475.55,
ESTAT:NRG_CHDD_M(1.0),11/05/22 23:00:00,M,NR,HDD,EU27_2020,2015-01,507.25,
ESTAT:NRG_CHDD_M(1.0),11/05/22 23:00:00,M,NR,HDD,EU27_2020,2015-02,443.35,
ESTAT:NRG_CHDD_M(1.0),11/05/22 23:00:00,M,NR,HDD,EU27_2020,2015-03,373.41,
ESTAT:NRG_CHDD_M(1.0),11/05/22 23:00:00,M,NR,HDD,EU27_2020,2015-04,256.99,
ESTAT:NRG_CHDD_M(1.0),11/05/22 23:00:00,M,NR,HDD,EU27_2020,2015-05,145.60,
ESTAT:NRG_CHDD_M(1.0),11/05/22 23:00:00,M,NR,HDD,EU27_2020,2015-06,66.84,
ESTAT:NRG_CHDD_M(1.0),11/05/22 23:00:00,M,NR,HDD,EU27_2020,2015-07,31.40,
ESTAT:NRG_CHDD_M(1.0),11/05/22 23:00:00,M,NR,HDD,EU27_2020,2015-08,23.92,
ESTAT:NRG_CHDD_M(1.0),11/05/22 23:00:00,M,NR,HDD,EU27_2020,2015-09,97.96,
ESTAT:NRG_CHDD_M(1.0),11/05/22 23:00:00,M,NR,HDD,EU27_2020,2015-10,243.54,
ESTAT:NRG_CHDD_M(1.0),11/05/22 23:00:00,M,NR,HDD,EU27_2020,2015-11,310.24,
ESTAT:NRG_CHDD_M(1.0),11/05/22 23:00:00,M,NR,HDD,EU27_2020,2015-12,400.73,
ESTAT:NRG_CHDD_M(1.0),11/05/22 23:00:00,M,NR,HDD,EU27_2020,2016-01,556.34,
ESTAT:NRG_CHDD_M(1.0),11/05/22 23:00:00,M,NR,HDD,EU27_2020,2016-02,401.62,
ESTAT:NRG_CHDD_M(1.0),11/05/22 23:00:00,M,NR,HDD,EU27_2020,2016-03,397.51,
ESTAT:NRG_CHDD_M(1.0),11/05/22 23:00:00,M,NR,HDD,EU27_2020,2016-04,257.63,
ESTAT:NRG_CHDD_M(1.0),11/05/22 23:00:00,M,NR,HDD,EU27_2020,2016-05,129.05,
ESTAT:NRG_CHDD_M(1.0),11/05/22 23:00:00,M,NR,HDD,EU27_2020,2016-06,45.74,
ESTAT:NRG_CHDD_M(1.0),11/05/22 23:00:00,M,NR,HDD,EU27_2020,2016-07,16.70,
ESTAT:NRG_CHDD_M(1.0),11/05/22 23:00:00,M,NR,HDD,EU27_2020,2016-08,34.80,
ESTAT:NRG_CHDD_M(1.0),11/05/22 23:00:00,M,NR,HDD,EU27_2020,2016-09,70.56,
ESTAT:NRG_CHDD_M(1.0),11/05/22 23:00:00,M,NR,HDD,EU27_2020,2016-10,251.49,
ESTAT:NRG_CHDD_M(1.0),11/05/22 23:00:00,M,NR,HDD,EU27_2020,2016-11,390.67,
ESTAT:NRG_CHDD_M(1.0),11/05/22 23:00:00,M,NR,HDD,EU27_2020,2016-12,480.94,
ESTAT:NRG_CHDD_M(1.0),11/05/22 23:00:00,M,NR,HDD,EU27_2020,2017-01,583.31,
ESTAT:NRG_CHDD_M(1.0),11/05/22 23:00:00,M,NR,HDD,EU27_2020,2017-02,421.08,
ESTAT:NRG_CHDD_M(1.0),11/05/22 23:00:00,M,NR,HDD,EU27_2020,2017-03,344.22,
ESTAT:NRG_CHDD_M(1.0),11/05/22 23:00:00,M,NR,HDD,EU27_2020,2017-04,286.56,
ESTAT:NRG_CHDD_M(1.0),11/05/22 23:00:00,M,NR,HDD,EU27_2020,2017-05,139.71,
ESTAT:NRG_CHDD_M(1.0),11/05/22 23:00:00,M,NR,HDD,EU27_2020,2017-06,48.60,
ESTAT:NRG_CHDD_M(1.0),11/05/22 23:00:00,M,NR,HDD,EU27_2020,2017-07,27.61,
ESTAT:NRG_CHDD_M(1.0),11/05/22 23:00:00,M,NR,HDD,EU27_2020,2017-08,34.40,
ESTAT:NRG_CHDD_M(1.0),11/05/22 23:00:00,M,NR,HDD,EU27_2020,2017-09,109.25,
ESTAT:NRG_CHDD_M(1.0),11/05/22 23:00:00,M,NR,HDD,EU27_2020,2017-10,204.10,
ESTAT:NRG_CHDD_M(1.0),11/05/22 23:00:00,M,NR,HDD,EU27_2020,2017-11,370.50,
ESTAT:NRG_CHDD_M(1.0),11/05/22 23:00:00,M,NR,HDD,EU27_2020,2017-12,475.51,
ESTAT:NRG_CHDD_M(1.0),11/05/22 23:00:00,M,NR,HDD,EU27_2020,2018-01,479.71,
ESTAT:NRG_CHDD_M(1.0),11/05/22 23:00:00,M,NR,HDD,EU27_2020,2018-02,523.70,
ESTAT:NRG_CHDD_M(1.0),11/05/22 23:00:00,M,NR,HDD,EU27_2020,2018-03,471.60,
ESTAT:NRG_CHDD_M(1.0),11/05/22 23:00:00,M,NR,HDD,EU27_2020,2018-04,203.52,
ESTAT:NRG_CHDD_M(1.0),11/05/22 23:00:00,M,NR,HDD,EU27_2020,2018-05,84.64,
ESTAT:NRG_CHDD_M(1.0),11/05/22 23:00:00,M,NR,HDD,EU27_2020,2018-06,46.60,
ESTAT:NRG_CHDD_M(1.0),11/05/22 23:00:00,M,NR,HDD,EU27_2020,2018-07,8.18,
ESTAT:NRG_CHDD_M(1.0),11/05/22 23:00:00,M,NR,HDD,EU27_2020,2018-08,26.29,
ESTAT:NRG_CHDD_M(1.0),11/05/22 23:00:00,M,NR,HDD,EU27_2020,2018-09,79.66,
ESTAT:NRG_CHDD_M(1.0),11/05/22 23:00:00,M,NR,HDD,EU27_2020,2018-10,203.58,
ESTAT:NRG_CHDD_M(1.0),11/05/22 23:00:00,M,NR,HDD,EU27_2020,2018-11,344.60,
ESTAT:NRG_CHDD_M(1.0),11/05/22 23:00:00,M,NR,HDD,EU27_2020,2018-12,468.82,
ESTAT:NRG_CHDD_M(1.0),11/05/22 23:00:00,M,NR,HDD,EU27_2020,2019-01,561.65,
ESTAT:NRG_CHDD_M(1.0),11/05/22 23:00:00,M,NR,HDD,EU27_2020,2019-02,399.84,
ESTAT:NRG_CHDD_M(1.0),11/05/22 23:00:00,M,NR,HDD,EU27_2020,2019-03,362.26,
ESTAT:NRG_CHDD_M(1.0),11/05/22 23:00:00,M,NR,HDD,EU27_2020,2019-04,252.28,
ESTAT:NRG_CHDD_M(1.0),11/05/22 23:00:00,M,NR,HDD,EU27_2020,2019-05,172.42,
ESTAT:NRG_CHDD_M(1.0),11/05/22 23:00:00,M,NR,HDD,EU27_2020,2019-06,35.51,
ESTAT:NRG_CHDD_M(1.0),11/05/22 23:00:00,M,NR,HDD,EU27_2020,2019-07,29.48,
ESTAT:NRG_CHDD_M(1.0),11/05/22 23:00:00,M,NR,HDD,EU27_2020,2019-08,23.34,
ESTAT:NRG_CHDD_M(1.0),11/05/22 23:00:00,M,NR,HDD,EU27_2020,2019-09,92.61,
ESTAT:NRG_CHDD_M(1.0),11/05/22 23:00:00,M,NR,HDD,EU27_2020,2019-10,206.02,
ESTAT:NRG_CHDD_M(1.0),11/05/22 23:00:00,M,NR,HDD,EU27_2020,2019-11,350.37,
ESTAT:NRG_CHDD_M(1.0),11/05/22 23:00:00,M,NR,HDD,EU27_2020,2019-12,423.51,
ESTAT:NRG_CHDD_M(1.0),11/05/22 23:00:00,M,NR,HDD,EU27_2020,2020-01,456.88,
ESTAT:NRG_CHDD_M(1.0),11/05/22 23:00:00,M,NR,HDD,EU27_2020,2020-02,374.78,
ESTAT:NRG_CHDD_M(1.0),11/05/22 23:00:00,M,NR,HDD,EU27_2020,2020-03,374.16,
ESTAT:NRG_CHDD_M(1.0),11/05/22 23:00:00,M,NR,HDD,EU27_2020,2020-04,248.42,
ESTAT:NRG_CHDD_M(1.0),11/05/22 23:00:00,M,NR,HDD,EU27_2020,2020-05,160.95,
ESTAT:NRG_CHDD_M(1.0),11/05/22 23:00:00,M,NR,HDD,EU27_2020,2020-06,36.02,
ESTAT:NRG_CHDD_M(1.0),11/05/22 23:00:00,M,NR,HDD,EU27_2020,2020-07,30.97,
ESTAT:NRG_CHDD_M(1.0),11/05/22 23:00:00,M,NR,HDD,EU27_2020,2020-08,26.20,
ESTAT:NRG_CHDD_M(1.0),11/05/22 23:00:00,M,NR,HDD,EU27_2020,2020-09,81.14,
ESTAT:NRG_CHDD_M(1.0),11/05/22 23:00:00,M,NR,HDD,EU27_2020,2020-10,211.16,
ESTAT:NRG_CHDD_M(1.0),11/05/22 23:00:00,M,NR,HDD,EU27_2020,2020-11,319.68,
ESTAT:NRG_CHDD_M(1.0),11/05/22 23:00:00,M,NR,HDD,EU27_2020,2020-12,438.59,
ESTAT:NRG_CHDD_M(1.0),11/05/22 23:00:00,M,NR,HDD,EU27_2020,2021-01,540.98,
ESTAT:NRG_CHDD_M(1.0),11/05/22 23:00:00,M,NR,HDD,EU27_2020,2021-02,443.26,
ESTAT:NRG_CHDD_M(1.0),11/05/22 23:00:00,M,NR,HDD,EU27_2020,2021-03,400.65,
ESTAT:NRG_CHDD_M(1.0),11/05/22 23:00:00,M,NR,HDD,EU27_2020,2021-04,305.90,
ESTAT:NRG_CHDD_M(1.0),11/05/22 23:00:00,M,NR,HDD,EU27_2020,2021-05,173.15,
ESTAT:NRG_CHDD_M(1.0),11/05/22 23:00:00,M,NR,HDD,EU27_2020,2021-06,26.37,
ESTAT:NRG_CHDD_M(1.0),11/05/22 23:00:00,M,NR,HDD,EU27_2020,2021-07,10.92,
ESTAT:NRG_CHDD_M(1.0),11/05/22 23:00:00,M,NR,HDD,EU27_2020,2021-08,38.44,
ESTAT:NRG_CHDD_M(1.0),11/05/22 23:00:00,M,NR,HDD,EU27_2020,2021-09,94.14,
ESTAT:NRG_CHDD_M(1.0),11/05/22 23:00:00,M,NR,HDD,EU27_2020,2021-10,224.62,
ESTAT:NRG_CHDD_M(1.0),11/05/22 23:00:00,M,NR,HDD,EU27_2020,2021-11,371.23,
ESTAT:NRG_CHDD_M(1.0),11/05/22 23:00:00,M,NR,HDD,EU27_2020,2021-12,496.65,
